sampid	subjid
GTEX-111CU-0326-SM-5GZXO	GTEX-111CU
GTEX-111FC-1126-SM-5GZWU	GTEX-111FC
GTEX-111VG-0726-SM-5GIDC	GTEX-111VG
GTEX-111YS-0626-SM-5GZXV	GTEX-111YS
GTEX-1122O-0126-SM-5GICA	GTEX-1122O
GTEX-1128S-0726-SM-5N9D6	GTEX-1128S
GTEX-117YW-0526-SM-5H11C	GTEX-117YW
GTEX-117YX-1326-SM-5H125	GTEX-117YX
GTEX-11DXX-0626-SM-5Q5AG	GTEX-11DXX
GTEX-11DXZ-0726-SM-5N9C4	GTEX-11DXZ
GTEX-11DZ1-0426-SM-5H11A	GTEX-11DZ1
GTEX-11EI6-0826-SM-5985V	GTEX-11EI6
GTEX-11EMC-0126-SM-5EGKV	GTEX-11EMC
GTEX-11EQ9-0226-SM-5A5JX	GTEX-11EQ9
GTEX-11GSP-0726-SM-5986L	GTEX-11GSP
GTEX-11I78-0126-SM-5HL6F	GTEX-11I78
GTEX-11LCK-0426-SM-5A5M8	GTEX-11LCK
GTEX-11NSD-0326-SM-5A5LS	GTEX-11NSD
GTEX-11NUK-0826-SM-5HL4U	GTEX-11NUK
GTEX-11NV4-1126-SM-5HL6J	GTEX-11NV4
GTEX-11O72-1326-SM-5BC5A	GTEX-11O72
GTEX-11OF3-1126-SM-5986C	GTEX-11OF3
GTEX-11P7K-0326-SM-59871	GTEX-11P7K
GTEX-11P81-0226-SM-5HL5M	GTEX-11P81
GTEX-11PRG-0926-SM-5EGI8	GTEX-11PRG
GTEX-11TT1-1626-SM-5EQL7	GTEX-11TT1
GTEX-11TUW-0526-SM-5LU9A	GTEX-11TUW
GTEX-11UD2-0726-SM-5EQ69	GTEX-11UD2
GTEX-11WQC-0626-SM-5EQMF	GTEX-11WQC
GTEX-11WQK-1226-SM-5GU5Z	GTEX-11WQK
GTEX-11ZTS-1226-SM-5EQMQ	GTEX-11ZTS
GTEX-11ZTT-0626-SM-5EQLM	GTEX-11ZTT
GTEX-11ZUS-0126-SM-5EQM5	GTEX-11ZUS
GTEX-11ZVC-0226-SM-731E8	GTEX-11ZVC
GTEX-1211K-0826-SM-5FQUP	GTEX-1211K
GTEX-1212Z-1026-SM-5EGJ8	GTEX-1212Z
GTEX-12584-1426-SM-5EGJ9	GTEX-12584
GTEX-12696-1026-SM-5FQUV	GTEX-12696
GTEX-1269C-0926-SM-5FQSR	GTEX-1269C
GTEX-12KS4-0726-SM-5FQSX	GTEX-12KS4
GTEX-12WSA-1026-SM-5EGHN	GTEX-12WSA
GTEX-12WSD-0826-SM-5GCNE	GTEX-12WSD
GTEX-12WSE-0826-SM-5S2VL	GTEX-12WSE
GTEX-12WSG-5004-SM-7EPG9	GTEX-12WSG
GTEX-12WSH-0126-SM-5GCO3	GTEX-12WSH
GTEX-12WSI-0826-SM-5EGKD	GTEX-12WSI
GTEX-12WSJ-0226-SM-5GCP7	GTEX-12WSJ
GTEX-12WSK-0826-SM-5CVNP	GTEX-12WSK
GTEX-12WSL-1026-SM-5CVNJ	GTEX-12WSL
GTEX-12WSN-5004-SM-793CE	GTEX-12WSN
GTEX-12ZZW-0926-SM-5LZUD	GTEX-12ZZW
GTEX-12ZZY-0926-SM-5EQ6I	GTEX-12ZZY
GTEX-13111-0426-SM-5DUXR	GTEX-13111
GTEX-13113-5004-SM-79ONL	GTEX-13113
GTEX-1313W-0926-SM-5EQ56	GTEX-1313W
GTEX-131XE-0726-SM-5HL9K	GTEX-131XE
GTEX-131XF-1026-SM-5BC6A	GTEX-131XF
GTEX-131XH-0426-SM-5DUWU	GTEX-131XH
GTEX-131XW-1126-SM-5EGK4	GTEX-131XW
GTEX-131YS-0926-SM-5IJB9	GTEX-131YS
GTEX-132NY-1226-SM-5PNVF	GTEX-132NY
GTEX-132QS-0726-SM-5IJE9	GTEX-132QS
GTEX-1339X-0626-SM-5IJER	GTEX-1339X
GTEX-133LE-0526-SM-5N9EJ	GTEX-133LE
GTEX-1399S-1726-SM-5L3DI	GTEX-1399S
GTEX-1399U-0826-SM-5KM1P	GTEX-1399U
GTEX-139T6-0426-SM-5IJEM	GTEX-139T6
GTEX-139TT-0726-SM-5K7XW	GTEX-139TT
GTEX-139UW-0226-SM-5K7WU	GTEX-139UW
GTEX-139YR-0926-SM-5LZYB	GTEX-139YR
GTEX-13CF3-0426-SM-5IJEU	GTEX-13CF3
GTEX-13D11-0326-SM-5LZXX	GTEX-13D11
GTEX-13FH7-1726-SM-5IJE7	GTEX-13FH7
GTEX-13FHO-1026-SM-5KM1Q	GTEX-13FHO
GTEX-13FHP-0726-SM-5K7YI	GTEX-13FHP
GTEX-13FLV-0426-SM-5KLZA	GTEX-13FLV
GTEX-13FTX-0326-SM-5J2NG	GTEX-13FTX
GTEX-13FTY-0126-SM-5J2NZ	GTEX-13FTY
GTEX-13FTZ-0526-SM-5IJCW	GTEX-13FTZ
GTEX-13G51-0426-SM-5K7Z5	GTEX-13G51
GTEX-13JUV-0526-SM-5K7XE	GTEX-13JUV
GTEX-13JVG-1426-SM-5MR4W	GTEX-13JVG
GTEX-13N11-0326-SM-5LUA3	GTEX-13N11
GTEX-13N1W-0726-SM-5MR57	GTEX-13N1W
GTEX-13N2G-0826-SM-5IJE6	GTEX-13N2G
GTEX-13NYB-0626-SM-5MR47	GTEX-13NYB
GTEX-13NZ8-0326-SM-5L3DF	GTEX-13NZ8
GTEX-13NZ9-0926-SM-5KM12	GTEX-13NZ9
GTEX-13NZA-1426-SM-5KM4Y	GTEX-13NZA
GTEX-13O21-3026-SM-5J2NI	GTEX-13O21
GTEX-13O3O-0726-SM-5J1N7	GTEX-13O3O
GTEX-13O3P-1026-SM-5N9E7	GTEX-13O3P
GTEX-13O3Q-0526-SM-5KM18	GTEX-13O3Q
GTEX-13O61-0726-SM-5J2MD	GTEX-13O61
GTEX-13OVG-0326-SM-5KM57	GTEX-13OVG
GTEX-13OVH-1026-SM-5J2NP	GTEX-13OVH
GTEX-13OVJ-0726-SM-5KM1W	GTEX-13OVJ
GTEX-13OVL-0626-SM-5KM13	GTEX-13OVL
GTEX-13OW5-0726-SM-5KLZK	GTEX-13OW5
GTEX-13OW6-0826-SM-5L3GA	GTEX-13OW6
GTEX-13OW7-0926-SM-5L3EX	GTEX-13OW7
GTEX-13OW8-1726-SM-5L3GO	GTEX-13OW8
GTEX-13PL7-1726-SM-5J2NX	GTEX-13PL7
GTEX-13PVQ-0926-SM-5IJFD	GTEX-13PVQ
GTEX-13QBU-0726-SM-5J2OA	GTEX-13QBU
GTEX-13QJ3-1026-SM-5QGQU	GTEX-13QJ3
GTEX-13QJC-0526-SM-5RQKB	GTEX-13QJC
GTEX-13RTJ-1126-SM-5S2UJ	GTEX-13RTJ
GTEX-13S7M-2126-SM-5S2QR	GTEX-13S7M
GTEX-13S86-0626-SM-5Q5E7	GTEX-13S86
GTEX-13SLW-1226-SM-5S2Q7	GTEX-13SLW
GTEX-13U4I-1426-SM-5J2M3	GTEX-13U4I
GTEX-13VXT-1426-SM-5LU4B	GTEX-13VXT
GTEX-13VXU-2726-SM-5LU4N	GTEX-13VXU
GTEX-13W3W-0326-SM-731DS	GTEX-13W3W
GTEX-13X6K-1626-SM-7EWCX	GTEX-13X6K
GTEX-13YAN-1026-SM-5O9CF	GTEX-13YAN
GTEX-144GM-0126-SM-5Q5AX	GTEX-144GM
GTEX-145LU-0526-SM-5O9AT	GTEX-145LU
GTEX-145MF-0726-SM-5Q5BT	GTEX-145MF
GTEX-145MH-0626-SM-5NQAK	GTEX-145MH
GTEX-145MN-0926-SM-5NQBT	GTEX-145MN
GTEX-145MO-1326-SM-5Q5EF	GTEX-145MO
GTEX-146FH-1226-SM-5NQB6	GTEX-146FH
GTEX-146FQ-0926-SM-5LUAV	GTEX-146FQ
GTEX-1477Z-0626-SM-5NQB7	GTEX-1477Z
GTEX-147F3-0726-SM-5NQ9U	GTEX-147F3
GTEX-147F4-0926-SM-5Q5EO	GTEX-147F4
GTEX-147GR-1226-SM-5TDCL	GTEX-147GR
GTEX-147JS-1226-SM-5RQK4	GTEX-147JS
GTEX-148VI-0226-SM-5RQKA	GTEX-148VI
GTEX-148VJ-0826-SM-5LU8V	GTEX-148VJ
GTEX-1497J-0326-SM-5Q5CN	GTEX-1497J
GTEX-14A6H-0526-SM-5NQAZ	GTEX-14A6H
GTEX-14ABY-1126-SM-5Q5F8	GTEX-14ABY
GTEX-14AS3-0926-SM-5TDD6	GTEX-14AS3
GTEX-14BIL-1226-SM-79OME	GTEX-14BIL
GTEX-14BMU-0526-SM-73KW4	GTEX-14BMU
GTEX-14BMV-0826-SM-73KXU	GTEX-14BMV
GTEX-14C39-0326-SM-5TDDX	GTEX-14C39
GTEX-14C5O-1126-SM-5TDEH	GTEX-14C5O
GTEX-14DAQ-0926-SM-793AZ	GTEX-14DAQ
GTEX-14DAR-0226-SM-5S2PR	GTEX-14DAR
GTEX-14E1K-0226-SM-62LDT	GTEX-14E1K
GTEX-14E6C-1426-SM-5ZZWH	GTEX-14E6C
GTEX-14E6D-1026-SM-5S2RS	GTEX-14E6D
GTEX-14E6E-0426-SM-73KUE	GTEX-14E6E
GTEX-14E7W-1326-SM-5RQIV	GTEX-14E7W
GTEX-14JG1-0926-SM-5YY8W	GTEX-14JG1
GTEX-14JG6-0326-SM-6AJBT	GTEX-14JG6
GTEX-14JIY-1326-SM-6AJB3	GTEX-14JIY
GTEX-14LLW-0726-SM-5ZZVV	GTEX-14LLW
GTEX-14LZ3-0726-SM-5YYAB	GTEX-14LZ3
GTEX-14PHY-0526-SM-664NM	GTEX-14PHY
GTEX-14PJ4-0626-SM-6AJBS	GTEX-14PJ4
GTEX-14PJ5-0226-SM-5YY99	GTEX-14PJ5
GTEX-14PJM-0926-SM-6AJ9Y	GTEX-14PJM
GTEX-14PJO-0926-SM-686YT	GTEX-14PJO
GTEX-14PK6-0326-SM-6AJ9S	GTEX-14PK6
GTEX-14PQA-1126-SM-7KUM4	GTEX-14PQA
GTEX-14XAO-0526-SM-6AJB7	GTEX-14XAO
GTEX-15CHC-0226-SM-5YYBB	GTEX-15CHC
GTEX-15CHR-0726-SM-7EPHG	GTEX-15CHR
GTEX-15D1Q-0526-SM-6AJAY	GTEX-15D1Q
GTEX-15EOM-5010-SM-7P8PA	GTEX-15EOM
GTEX-15ER7-0926-SM-7KUMG	GTEX-15ER7
GTEX-15EU6-1226-SM-6AJBE	GTEX-15EU6
GTEX-15FZZ-0326-SM-6M48O	GTEX-15FZZ
GTEX-15G1A-0426-SM-6M468	GTEX-15G1A
GTEX-15RIE-0326-SM-6PAMC	GTEX-15RIE
GTEX-15RJ7-0626-SM-6M47V	GTEX-15RJ7
GTEX-15RJE-1026-SM-6M46X	GTEX-15RJE
GTEX-15SB6-0426-SM-6LPJ5	GTEX-15SB6
GTEX-15SHV-0326-SM-6M475	GTEX-15SHV
GTEX-15SHW-0926-SM-6LPIO	GTEX-15SHW
GTEX-15SKB-0826-SM-7KUFB	GTEX-15SKB
GTEX-15UKP-1926-SM-6LPI9	GTEX-15UKP
GTEX-169BO-0226-SM-79OL1	GTEX-169BO
GTEX-16AAH-0426-SM-7DUFM	GTEX-16AAH
GTEX-16GPK-1826-SM-7MGW5	GTEX-16GPK
GTEX-16MT8-1026-SM-6LPK1	GTEX-16MT8
GTEX-16MTA-1226-SM-7KULL	GTEX-16MTA
GTEX-16NGA-0226-SM-718AI	GTEX-16NGA
GTEX-16XZZ-0926-SM-7DHLI	GTEX-16XZZ
GTEX-178AV-0326-SM-6LPJF	GTEX-178AV
GTEX-17EVP-0726-SM-7EWDX	GTEX-17EVP
GTEX-17EVQ-1526-SM-79ONG	GTEX-17EVQ
GTEX-17F96-0626-SM-793CC	GTEX-17F96
GTEX-17F98-0226-SM-793BV	GTEX-17F98
GTEX-17F9Y-1026-SM-7IGO4	GTEX-17F9Y
GTEX-17GQL-0726-SM-731BL	GTEX-17GQL
GTEX-17HGU-0926-SM-79OKO	GTEX-17HGU
GTEX-17HHE-0626-SM-7DHL6	GTEX-17HHE
GTEX-17HII-0926-SM-79ON7	GTEX-17HII
GTEX-17JCI-1526-SM-7IGOQ	GTEX-17JCI
GTEX-17KNJ-0926-SM-7IGP2	GTEX-17KNJ
GTEX-17MF6-0826-SM-7LT8F	GTEX-17MF6
GTEX-183FY-0726-SM-793C3	GTEX-183FY
GTEX-18465-0626-SM-7LT8X	GTEX-18465
GTEX-18A66-0926-SM-718BG	GTEX-18A66
GTEX-18A67-1126-SM-7KFSB	GTEX-18A67
GTEX-18A6Q-0826-SM-7KFRD	GTEX-18A6Q
GTEX-18A7A-1026-SM-7LT8B	GTEX-18A7A
GTEX-18D9A-0226-SM-7KFSJ	GTEX-18D9A
GTEX-18D9U-0526-SM-72D7C	GTEX-18D9U
GTEX-18QFQ-0926-SM-7LG4V	GTEX-18QFQ
GTEX-1A32A-0726-SM-731D4	GTEX-1A32A
GTEX-1A3MV-0526-SM-72D5A	GTEX-1A3MV
GTEX-1A8FM-0826-SM-793D5	GTEX-1A8FM
GTEX-1A8G6-0726-SM-73KV5	GTEX-1A8G6
GTEX-1AX8Z-5010-SM-AHZ33	GTEX-1AX8Z
GTEX-1AX9I-0826-SM-73KUT	GTEX-1AX9I
GTEX-1AX9J-1626-SM-73KUI	GTEX-1AX9J
GTEX-1AX9K-0826-SM-731F9	GTEX-1AX9K
GTEX-1AYCT-0726-SM-7IGNG	GTEX-1AYCT
GTEX-1AYD5-1226-SM-7EWEP	GTEX-1AYD5
GTEX-1B8KZ-0526-SM-73KW2	GTEX-1B8KZ
GTEX-1B8L1-0626-SM-7EPHL	GTEX-1B8L1
GTEX-1B8SF-0826-SM-73KW8	GTEX-1B8SF
GTEX-1B932-0726-SM-731EY	GTEX-1B932
GTEX-1B933-0926-SM-9OSVH	GTEX-1B933
GTEX-1B97I-0226-SM-73KVO	GTEX-1B97I
GTEX-1B996-0726-SM-7IGPI	GTEX-1B996
GTEX-1BAJH-1326-SM-7RHFS	GTEX-1BAJH
GTEX-1C4CL-0826-SM-7EWEZ	GTEX-1C4CL
GTEX-1C64O-1226-SM-79OOC	GTEX-1C64O
GTEX-1C6VR-0626-SM-79OOY	GTEX-1C6VR
GTEX-1C6WA-0726-SM-7IGQ5	GTEX-1C6WA
GTEX-1CAMQ-1026-SM-7EPIC	GTEX-1CAMQ
GTEX-1CB4F-0926-SM-7DHMJ	GTEX-1CB4F
GTEX-1CB4I-2126-SM-793AG	GTEX-1CB4I
GTEX-1CB4J-1726-SM-79OOL	GTEX-1CB4J
GTEX-1E1VI-0926-SM-7P8T3	GTEX-1E1VI
GTEX-1E2YA-0926-SM-7MXUK	GTEX-1E2YA
GTEX-1EKGG-1326-SM-7MXUM	GTEX-1EKGG
GTEX-1EMGI-1426-SM-7IGNQ	GTEX-1EMGI
GTEX-1EWIQ-0926-SM-7RHG7	GTEX-1EWIQ
GTEX-1EX96-0226-SM-7RHHR	GTEX-1EX96
GTEX-1F48J-0826-SM-9WPOD	GTEX-1F48J
GTEX-1F5PK-0526-SM-7MXUA	GTEX-1F5PK
GTEX-1F6I4-1026-SM-7P8PS	GTEX-1F6I4
GTEX-1F6RS-0826-SM-7P8T9	GTEX-1F6RS
GTEX-1F75B-1026-SM-9JGFS	GTEX-1F75B
GTEX-1F75W-0626-SM-7PC13	GTEX-1F75W
GTEX-1F7RK-0826-SM-7SB8V	GTEX-1F7RK
GTEX-1F88F-0926-SM-7RHH8	GTEX-1F88F
GTEX-1FIGZ-0326-SM-7RHGT	GTEX-1FIGZ
GTEX-1GF9V-1026-SM-9KNW3	GTEX-1GF9V
GTEX-1GF9X-0326-SM-7P8R9	GTEX-1GF9X
GTEX-1GL5R-0526-SM-9WPOQ	GTEX-1GL5R
GTEX-1GMR2-0126-SM-9JGHC	GTEX-1GMR2
GTEX-1GMR3-0226-SM-7RHIB	GTEX-1GMR3
GTEX-1GMR8-1426-SM-7RHHL	GTEX-1GMR8
GTEX-1GMRU-1426-SM-9WPPL	GTEX-1GMRU
GTEX-1GN1U-1026-SM-9WYUP	GTEX-1GN1U
GTEX-1GN1W-1026-SM-9OSW2	GTEX-1GN1W
GTEX-1GN2E-1526-SM-7P8TD	GTEX-1GN2E
GTEX-1GN73-1026-SM-9KNV9	GTEX-1GN73
GTEX-1GPI7-1526-SM-9JGG8	GTEX-1GPI7
GTEX-1GTWX-0626-SM-9WYU1	GTEX-1GTWX
GTEX-1GZ2Q-0726-SM-9KNVV	GTEX-1GZ2Q
GTEX-1GZ4H-0426-SM-7MXV5	GTEX-1GZ4H
GTEX-1GZ4I-0726-SM-9QEHL	GTEX-1GZ4I
GTEX-1GZHY-0826-SM-9OSXT	GTEX-1GZHY
GTEX-1I4MK-0326-SM-B2LWP	GTEX-1I4MK
GTEX-1I6K7-1226-SM-B2LVS	GTEX-1I6K7
GTEX-1ICLY-0926-SM-CM2RJ	GTEX-1ICLY
GTEX-1ICLZ-0926-SM-CKZPQ	GTEX-1ICLZ
GTEX-1JKYN-2126-SM-ARU8W	GTEX-1JKYN
GTEX-1JMLX-0926-SM-CNNPQ	GTEX-1JMLX
GTEX-1JMOU-0526-SM-CNNPE	GTEX-1JMOU
GTEX-1JMPZ-1126-SM-ARU8X	GTEX-1JMPZ
GTEX-1JMQI-1126-SM-ARZN2	GTEX-1JMQI
GTEX-1JMQJ-2126-SM-CNPPA	GTEX-1JMQJ
GTEX-1JMQL-1126-SM-CKZOP	GTEX-1JMQL
GTEX-1JN6P-0726-SM-ARZN7	GTEX-1JN6P
GTEX-1JN76-0826-SM-C1YRK	GTEX-1JN76
GTEX-1K2DU-0526-SM-D4P2Y	GTEX-1K2DU
GTEX-1K9T9-0926-SM-D3L9C	GTEX-1K9T9
GTEX-1KAFJ-0326-SM-DHXJG	GTEX-1KAFJ
GTEX-1KANB-1026-SM-D3L9F	GTEX-1KANB
GTEX-1KD4Q-0926-SM-CXZKI	GTEX-1KD4Q
GTEX-1KD5A-1126-SM-CXZK6	GTEX-1KD5A
GTEX-1KWVE-0426-SM-DHXJX	GTEX-1KWVE
GTEX-1KXAM-0426-SM-DHXKG	GTEX-1KXAM
GTEX-1L5NE-0726-SM-CXZKQ	GTEX-1L5NE
GTEX-1LB8K-0826-SM-D4P41	GTEX-1LB8K
GTEX-1LC47-1126-SM-D4P43	GTEX-1LC47
GTEX-1LG7Y-0826-SM-E9TJX	GTEX-1LG7Y
GTEX-1LGRB-0226-SM-CNPQK	GTEX-1LGRB
GTEX-1LSVX-0626-SM-E9U59	GTEX-1LSVX
GTEX-1LVAN-1126-SM-CNNRE	GTEX-1LVAN
GTEX-1LVAO-1226-SM-DIPGB	GTEX-1LVAO
GTEX-1M4P7-0826-SM-E9TJR	GTEX-1M4P7
GTEX-1MA7X-0626-SM-E9TJI	GTEX-1MA7X
GTEX-1MCC2-0726-SM-EV7AL	GTEX-1MCC2
GTEX-1MGNQ-0826-SM-EVR41	GTEX-1MGNQ
GTEX-1MJIX-0626-SM-DTX8V	GTEX-1MJIX
GTEX-1MJK2-1126-SM-E9TJ7	GTEX-1MJK2
GTEX-1N2DW-1126-SM-EVR59	GTEX-1N2DW
GTEX-1NSGN-1626-SM-EXOJF	GTEX-1NSGN
GTEX-1NV5F-0926-SM-DTX8N	GTEX-1NV5F
GTEX-1OJC3-0726-SM-DTX92	GTEX-1OJC3
GTEX-1OJC4-0626-SM-DTXEY	GTEX-1OJC4
GTEX-1P4AB-1026-SM-DTXES	GTEX-1P4AB
GTEX-1PIIG-1826-SM-DTX7N	GTEX-1PIIG
GTEX-1PPGY-1826-SM-EXOJ8	GTEX-1PPGY
GTEX-1PPH7-0226-SM-E76Q1	GTEX-1PPH7
GTEX-1PWST-0826-SM-DTXF1	GTEX-1PWST
GTEX-1QAET-0426-SM-EXUSM	GTEX-1QAET
GTEX-1QCLY-1026-SM-EWRNI	GTEX-1QCLY
GTEX-1QEPI-0826-SM-DTX9B	GTEX-1QEPI
GTEX-1QMI2-0926-SM-DTX7S	GTEX-1QMI2
GTEX-1QP29-1226-SM-E6CQ1	GTEX-1QP29
GTEX-1QP2A-1226-SM-EVR3I	GTEX-1QP2A
GTEX-1R9PM-0426-SM-EVR3P	GTEX-1R9PM
GTEX-1RAZQ-1026-SM-EAZ4R	GTEX-1RAZQ
GTEX-1RAZR-0726-SM-EV7BA	GTEX-1RAZR
GTEX-1RLM8-0626-SM-E76OW	GTEX-1RLM8
GTEX-1RNSC-1226-SM-E9U52	GTEX-1RNSC
GTEX-1RQED-1026-SM-EVYCT	GTEX-1RQED
GTEX-1S5VW-0926-SM-EWRNU	GTEX-1S5VW
GTEX-1S82P-0826-SM-EVR4P	GTEX-1S82P
GTEX-N7MS-0926-SM-2HMIZ	GTEX-N7MS
GTEX-N7MT-0126-SM-2D7VT	GTEX-N7MT
GTEX-NFK9-1026-SM-2HMK1	GTEX-NFK9
GTEX-NPJ8-0326-SM-2D7VV	GTEX-NPJ8
GTEX-O5YT-0526-SM-32PK8	GTEX-O5YT
GTEX-O5YV-0526-SM-2I5GE	GTEX-O5YV
GTEX-O5YW-0526-SM-2YUMX	GTEX-O5YW
GTEX-OHPL-0526-SM-3NM8U	GTEX-OHPL
GTEX-OHPM-0526-SM-2YUMJ	GTEX-OHPM
GTEX-OIZF-0526-SM-7MXVM	GTEX-OIZF
GTEX-OIZG-0526-SM-2HMLF	GTEX-OIZG
GTEX-OIZH-0526-SM-2HMKV	GTEX-OIZH
GTEX-OIZI-1026-SM-3NB1K	GTEX-OIZI
GTEX-OOBJ-0526-SM-48TDK	GTEX-OOBJ
GTEX-OOBK-0526-SM-2HMJJ	GTEX-OOBK
GTEX-OXRK-0926-SM-2HMKP	GTEX-OXRK
GTEX-OXRL-0526-SM-2I3EZ	GTEX-OXRL
GTEX-OXRN-0526-SM-2I5EN	GTEX-OXRN
GTEX-OXRO-0326-SM-33HBM	GTEX-OXRO
GTEX-OXRP-0526-SM-2I3EW	GTEX-OXRP
GTEX-P44H-1126-SM-48TBU	GTEX-P44H
GTEX-P4PP-0526-SM-2HMKE	GTEX-P4PP
GTEX-P4PQ-0526-SM-2HMKR	GTEX-P4PQ
GTEX-P4QS-0526-SM-2I3ET	GTEX-P4QS
GTEX-P4QT-0526-SM-2I3EX	GTEX-P4QT
GTEX-P78B-0926-SM-2I5FA	GTEX-P78B
GTEX-PLZ4-0726-SM-2TC6Q	GTEX-PLZ4
GTEX-PLZ5-0726-SM-2I5F9	GTEX-PLZ5
GTEX-PLZ6-0426-SM-5IJDW	GTEX-PLZ6
GTEX-POMQ-0526-SM-3GADD	GTEX-POMQ
GTEX-POYW-1226-SM-2XCEP	GTEX-POYW
GTEX-PSDG-1126-SM-2S1ON	GTEX-PSDG
GTEX-PVOW-1026-SM-2XCF9	GTEX-PVOW
GTEX-PW2O-0526-SM-2I3DX	GTEX-PW2O
GTEX-PX3G-0526-SM-2I3EM	GTEX-PX3G
GTEX-Q2AG-1026-SM-33HBW	GTEX-Q2AG
GTEX-Q2AH-0426-SM-2I3EP	GTEX-Q2AH
GTEX-Q734-0626-SM-2I3EF	GTEX-Q734
GTEX-QCQG-0326-SM-2I3ES	GTEX-QCQG
GTEX-QDT8-0926-SM-32PL2	GTEX-QDT8
GTEX-QDVJ-0926-SM-2I5FU	GTEX-QDVJ
GTEX-QDVN-0726-SM-4B64L	GTEX-QDVN
GTEX-QEG4-0526-SM-48TZD	GTEX-QEG4
GTEX-QEG5-1126-SM-33HC2	GTEX-QEG5
GTEX-QEL4-0826-SM-3GAF2	GTEX-QEL4
GTEX-QESD-0626-SM-2I5G4	GTEX-QESD
GTEX-QMR6-1926-SM-32PL9	GTEX-QMR6
GTEX-QMRM-0826-SM-3NB33	GTEX-QMRM
GTEX-QV44-0926-SM-2S1RH	GTEX-QV44
GTEX-QVUS-2026-SM-EYYW9	GTEX-QVUS
GTEX-QXCU-0626-SM-2TC69	GTEX-QXCU
GTEX-R3RS-1026-SM-3GADF	GTEX-R3RS
GTEX-R55C-0526-SM-3GIKA	GTEX-R55C
GTEX-R55D-0926-SM-3GAEU	GTEX-R55D
GTEX-R55G-0826-SM-2TC5U	GTEX-R55G
GTEX-REY6-0426-SM-2TF5G	GTEX-REY6
GTEX-RM2N-0426-SM-2TF4T	GTEX-RM2N
GTEX-RN64-1226-SM-2TC6E	GTEX-RN64
GTEX-RNOR-0726-SM-2TF5I	GTEX-RNOR
GTEX-RTLS-0926-SM-2TF5X	GTEX-RTLS
GTEX-RU1J-0126-SM-2TF6Y	GTEX-RU1J
GTEX-RU72-0526-SM-2TF5Z	GTEX-RU72
GTEX-RUSQ-0626-SM-2TF5V	GTEX-RUSQ
GTEX-RVPV-1726-SM-2NKAQ	GTEX-RVPV
GTEX-RWS6-0226-SM-2XCA9	GTEX-RWS6
GTEX-RWSA-1126-SM-2XCAZ	GTEX-RWSA
GTEX-S32W-0326-SM-2XCBI	GTEX-S32W
GTEX-S33H-0626-SM-2XCBJ	GTEX-S33H
GTEX-S341-0326-SM-2XCAU	GTEX-S341
GTEX-S3LF-1126-SM-EVR33	GTEX-S3LF
GTEX-S7SE-0926-SM-2XCD6	GTEX-S7SE
GTEX-SE5C-0526-SM-2XCE1	GTEX-SE5C
GTEX-SIU8-0926-SM-COH1X	GTEX-SIU8
GTEX-SJXC-1026-SM-EYYVA	GTEX-SJXC
GTEX-SN8G-0926-SM-4DM5I	GTEX-SN8G
GTEX-SNOS-0426-SM-32PMH	GTEX-SNOS
GTEX-SUCS-0626-SM-32PM5	GTEX-SUCS
GTEX-T2IS-0526-SM-32QP9	GTEX-T2IS
GTEX-T5JC-0826-SM-32PMC	GTEX-T5JC
GTEX-T6MN-0826-SM-32PM4	GTEX-T6MN
GTEX-T6MO-0426-SM-32QOI	GTEX-T6MO
GTEX-T8EM-0326-SM-3DB7F	GTEX-T8EM
GTEX-TML8-0326-SM-4GICN	GTEX-TML8
GTEX-TMMY-0926-SM-4TT1Z	GTEX-TMMY
GTEX-TSE9-0726-SM-3DB8C	GTEX-TSE9
GTEX-U3ZH-0526-SM-3DB75	GTEX-U3ZH
GTEX-U3ZM-0426-SM-3DB73	GTEX-U3ZM
GTEX-U3ZN-0626-SM-3DB7U	GTEX-U3ZN
GTEX-U412-0826-SM-3DB9K	GTEX-U412
GTEX-U8T8-2226-SM-3DB95	GTEX-U8T8
GTEX-U8XE-1426-SM-3DB8Q	GTEX-U8XE
GTEX-UJHI-0726-SM-3DB92	GTEX-UJHI
GTEX-UJMC-0726-SM-3GADX	GTEX-UJMC
GTEX-UPJH-0826-SM-4WKFD	GTEX-UPJH
GTEX-UPK5-1126-SM-3GAEJ	GTEX-UPK5
GTEX-V1D1-0826-SM-3P5ZA	GTEX-V1D1
GTEX-VJWN-1326-SM-EVR2Z	GTEX-VJWN
GTEX-VJYA-0326-SM-3GAEX	GTEX-VJYA
GTEX-VUSG-0926-SM-3GIK6	GTEX-VUSG
GTEX-W5X1-0526-SM-3GILH	GTEX-W5X1
GTEX-WFG7-0526-SM-3GIKI	GTEX-WFG7
GTEX-WFG8-0926-SM-3GIKJ	GTEX-WFG8
GTEX-WFJO-0326-SM-3GIL3	GTEX-WFJO
GTEX-WFON-0426-SM-3GIL4	GTEX-WFON
GTEX-WH7G-0726-SM-3NMBM	GTEX-WH7G
GTEX-WHPG-1426-SM-3NMBB	GTEX-WHPG
GTEX-WHSB-0326-SM-5FQSD	GTEX-WHSB
GTEX-WK11-0526-SM-3NB3O	GTEX-WK11
GTEX-WOFM-0126-SM-3MJFE	GTEX-WOFM
GTEX-WRHU-0226-SM-3MJFV	GTEX-WRHU
GTEX-WVJS-0826-SM-4MVNR	GTEX-WVJS
GTEX-WWYW-0926-SM-3NB2Z	GTEX-WWYW
GTEX-WY7C-0426-SM-3NB3C	GTEX-WY7C
GTEX-WYBS-1126-SM-3NMAM	GTEX-WYBS
GTEX-WYJK-0826-SM-3NM8Y	GTEX-WYJK
GTEX-WYVS-0526-SM-3NM9W	GTEX-WYVS
GTEX-WZTO-0426-SM-3NM99	GTEX-WZTO
GTEX-X15G-0626-SM-EVR32	GTEX-X15G
GTEX-X261-1026-SM-3NMDL	GTEX-X261
GTEX-X3Y1-0626-SM-3P5YS	GTEX-X3Y1
GTEX-X4EO-0926-SM-3P5Z2	GTEX-X4EO
GTEX-X4EP-0526-SM-3P5YW	GTEX-X4EP
GTEX-X4LF-0526-SM-3NMB6	GTEX-X4LF
GTEX-X4XX-1026-SM-4QARO	GTEX-X4XX
GTEX-X4XY-1026-SM-46MVX	GTEX-X4XY
GTEX-X585-1026-SM-46MW6	GTEX-X585
GTEX-X5EB-0426-SM-46MVY	GTEX-X5EB
GTEX-XBEC-1026-SM-4QASM	GTEX-XBEC
GTEX-XBED-0826-SM-47JYC	GTEX-XBED
GTEX-XBEW-0226-SM-4AT6A	GTEX-XBEW
GTEX-XGQ4-0826-SM-4AT4T	GTEX-XGQ4
GTEX-XMD2-1026-SM-4WWE8	GTEX-XMD2
GTEX-XOT4-1426-SM-4B65T	GTEX-XOT4
GTEX-XPVG-1026-SM-4B64Y	GTEX-XPVG
GTEX-XQ3S-0926-SM-4BOPI	GTEX-XQ3S
GTEX-XQ8I-1126-SM-4BOO2	GTEX-XQ8I
GTEX-XV7Q-0426-SM-4BRVN	GTEX-XV7Q
GTEX-XXEK-0626-SM-4BRWE	GTEX-XXEK
GTEX-XYKS-0526-SM-4BRW2	GTEX-XYKS
GTEX-Y111-1026-SM-4TT22	GTEX-Y111
GTEX-Y3I4-0426-SM-4TT29	GTEX-Y3I4
GTEX-Y3IK-0626-SM-4WWE4	GTEX-Y3IK
GTEX-Y5LM-0726-SM-4VBRP	GTEX-Y5LM
GTEX-Y5V5-0826-SM-4VBQD	GTEX-Y5V5
GTEX-Y5V6-0226-SM-4V6G7	GTEX-Y5V6
GTEX-Y8E4-0526-SM-4V6GC	GTEX-Y8E4
GTEX-Y8LW-0326-SM-4VBQ9	GTEX-Y8LW
GTEX-Y9LG-0526-SM-4VBRY	GTEX-Y9LG
GTEX-YB5E-0726-SM-4VDSH	GTEX-YB5E
GTEX-YEC3-0226-SM-DO11B	GTEX-YEC3
GTEX-YEC4-0526-SM-4W21U	GTEX-YEC4
GTEX-YECK-0926-SM-4W214	GTEX-YECK
GTEX-YF7O-0626-SM-4W21R	GTEX-YF7O
GTEX-YFC4-1126-SM-5RQJN	GTEX-YFC4
GTEX-YJ8O-1826-SM-5HL82	GTEX-YJ8O
GTEX-ZA64-0326-SM-5HL8T	GTEX-ZA64
GTEX-ZAB4-0626-SM-5CVN3	GTEX-ZAB4
GTEX-ZAB5-0626-SM-5PNVB	GTEX-ZAB5
GTEX-ZC5H-0926-SM-5CVMZ	GTEX-ZC5H
GTEX-ZDTS-1026-SM-4WAXS	GTEX-ZDTS
GTEX-ZDTT-0926-SM-5J2MS	GTEX-ZDTT
GTEX-ZDXO-1326-SM-57WBS	GTEX-ZDXO
GTEX-ZDYS-0426-SM-5IJEQ	GTEX-ZDYS
GTEX-ZE7O-0826-SM-57WCP	GTEX-ZE7O
GTEX-ZEX8-0526-SM-DO115	GTEX-ZEX8
GTEX-ZF28-0726-SM-4WKFU	GTEX-ZF28
GTEX-ZF29-1026-SM-4WKGC	GTEX-ZF29
GTEX-ZF2S-0626-SM-4WKH2	GTEX-ZF2S
GTEX-ZF3C-0926-SM-DO92P	GTEX-ZF3C
GTEX-ZG7Y-1026-SM-4WWDG	GTEX-ZG7Y
GTEX-ZLV1-0426-SM-4WWC2	GTEX-ZLV1
GTEX-ZLWG-0626-SM-4WWFR	GTEX-ZLWG
GTEX-ZPCL-0926-SM-DNZZ8	GTEX-ZPCL
GTEX-ZPIC-0626-SM-57WDY	GTEX-ZPIC
GTEX-ZPU1-0926-SM-57WDO	GTEX-ZPU1
GTEX-ZQG8-0326-SM-51MSE	GTEX-ZQG8
GTEX-ZT9W-0726-SM-9JGG2	GTEX-ZT9W
GTEX-ZT9X-0326-SM-51MTE	GTEX-ZT9X
GTEX-ZTPG-0926-SM-5O99H	GTEX-ZTPG
GTEX-ZTTD-1126-SM-51MRP	GTEX-ZTTD
GTEX-ZUA1-1026-SM-4YCEA	GTEX-ZUA1
GTEX-ZVT3-0926-SM-5GICK	GTEX-ZVT3
GTEX-ZVZQ-1526-SM-5N9G6	GTEX-ZVZQ
GTEX-ZXG5-0826-SM-5GID6	GTEX-ZXG5
GTEX-ZY6K-0326-SM-5SIBB	GTEX-ZY6K
GTEX-ZYFG-0226-SM-5GIDT	GTEX-ZYFG
GTEX-ZYT6-0526-SM-5GIEA	GTEX-ZYT6
GTEX-ZYVF-1726-SM-5E443	GTEX-ZYVF
GTEX-ZYW4-1526-SM-5SIBA	GTEX-ZYW4
GTEX-ZYY3-0926-SM-5E454	GTEX-ZYY3
GTEX-ZZPT-1326-SM-5E43H	GTEX-ZZPT
GTEX-ZZPU-0526-SM-5E44U	GTEX-ZZPU
